{"cameraMode":{"drawMode":0,"name":"Shaded","section":"Shading Mode"},"sceneLighting":true,"audioPlay":false,"sceneViewState":{"showFog":true,"showMaterialUpdate":false,"showSkybox":true,"showFlares":true,"showImageEffects":true,"showParticleSystems":true},"in2DMode":false,"pivot":{"x":-2.6936612129211427,"y":7.799991130828857,"z":-9.038423538208008},"rotation":{"x":0.15301156044006349,"y":-0.012050827965140343,"z":0.00251443381421268,"w":0.9883711934089661},"size":12.079598426818848,"orthographic":false}