{"cameraMode":{"drawMode":0,"name":"Shaded","section":"Shading Mode"},"sceneLighting":true,"audioPlay":false,"sceneViewState":{"showFog":true,"showMaterialUpdate":false,"showSkybox":true,"showFlares":true,"showImageEffects":true,"showParticleSystems":true},"in2DMode":false,"pivot":{"x":65.8328628540039,"y":-7.491024971008301,"z":19.298097610473634},"rotation":{"x":0.1479697972536087,"y":-0.39808404445648196,"z":0.12117335945367813,"w":0.8993627429008484},"size":37.659423828125,"orthographic":false}